{
  "carPaint": {
    "color": "#FF697071",
    "flakes": 0.0,
    "enabled": true
  },
  "carPaint2": {
    "enabled": true,
    "colors": [
      "#697071"
    ]
  },
  "carPaint3": {
    "enabled": true,
    "colors": [
      "#D9D6CA"
    ]
  },
  "carPaint4": {
    "enabled": true,
    "colors": [
      "#848484"
    ]
  },
  "carPaint5": {
    "enabled": true,
    "colors": [
      "#1E1E1E"
    ]
  },
  "carPaint6": {
    "enabled": true,
    "colors": [
      "#3D3D3D"
    ]
  },
  "carPaint7": {
    "enabled": true,
    "colors": [
      "#262626"
    ]
  },
  "licensePlate": {
    "style": "Europe"
  }
}