{
  "carPaint": {
    "color": "#FF718E07",
    "flakes": 0.0,
    "enabled": true
  },
  "carPaint2": {
    "enabled": true,
    "colors": [
      "#0F0F0F"
    ]
  },
  "carPaint3": {
    "enabled": true,
    "colors": [
      "#718E07"
    ]
  },
  "carPaint4": {
    "enabled": true,
    "colors": [
      "#161616"
    ]
  },
  "carPaint5": {
    "enabled": true,
    "colors": [
      "#1E1E1E"
    ]
  },
  "carPaint6": {
    "enabled": true,
    "colors": [
      "#3D3D3D"
    ]
  },
  "carPaint7": {
    "enabled": true,
    "colors": [
      "#262626"
    ]
  },
  "licensePlate": {
    "style": "Europe"
  }
}