{
  "carPaint": {
    "color": "#FF126A50",
    "flakes": 0.0,
    "enabled": true
  },
  "carPaint2": {
    "enabled": true,
    "colors": [
      "#126A50"
    ]
  },
  "carPaint3": {
    "enabled": true,
    "colors": [
      "#D9D6CA"
    ]
  },
  "carPaint4": {
    "enabled": true,
    "colors": [
      "#303030"
    ]
  },
  "carPaint5": {
    "enabled": true,
    "colors": [
      "#191919"
    ]
  },
  "carPaint6": {
    "enabled": true,
    "colors": [
      "#3D3D3D"
    ]
  },
  "carPaint7": {
    "enabled": true,
    "colors": [
      "#262626"
    ]
  },
  "licensePlate": {
    "style": "Europe"
  }
}