{
  "carPaint": {
    "color": "#FF080808",
    "flakes": 0.0,
    "enabled": true
  },
  "carPaint2": {
    "enabled": true,
    "colors": [
      "#080808"
    ]
  },
  "carPaint3": {
    "enabled": true,
    "colors": [
      "#FFFFFF"
    ]
  },
  "carPaint4": {
    "enabled": true,
    "colors": [
      "#262626"
    ]
  },
  "carPaint5": {
    "enabled": true,
    "colors": [
      "#441818"
    ]
  },
  "carPaint6": {
    "enabled": true,
    "colors": [
      "#441818"
    ]
  },
  "carPaint7": {
    "enabled": true,
    "colors": [
      "#441818"
    ]
  },
  "licensePlate": {
    "style": "Europe"
  }
}