{
  "name": "LM - Austin Mini Cooper S 1275cc",
  "brand": "Austin Healey",
  "description": "LM - Austin Mini Cooper S 1275cc<br><br>Car made by: MacedoSTI<br>Conversion from Forza Motorsport 4<br><br>Twitter:<br>http://x.com/oylucca<br>Patreon:<br>http://patreon.com/macedosti",
  "tags": [
    "fwd",
    "manual",
    "small",
    "vintage",
    "1965",
    "MacedoSTI",
    "compact",
    "Stock",
    "road"
  ],
  "class": "stock",
  "specs": {
    "bhp": "75 whp",
    "torque": "107 Nm*",
    "weight": "750kg",
    "topspeed": "210+km/h",
    "acceleration": "--s 0-100",
    "pwratio": "4.41kg/hp",
    "range": 79
  },
  "torqueCurve": [
    [
      0.0,
      32.7
    ],
    [
      65.0,
      32.7
    ],
    [
      130.0,
      32.7
    ],
    [
      195.0,
      32.7
    ],
    [
      260.0,
      32.7
    ],
    [
      325.0,
      32.7
    ],
    [
      390.0,
      32.7
    ],
    [
      455.0,
      32.7
    ],
    [
      520.0,
      32.7
    ],
    [
      585.0,
      32.7
    ],
    [
      650.0,
      32.7
    ],
    [
      715.0,
      32.7
    ],
    [
      780.0,
      32.7
    ],
    [
      845.0,
      32.7
    ],
    [
      910.0,
      32.7
    ],
    [
      975.0,
      32.7
    ],
    [
      1000.0,
      32.7
    ],
    [
      1200.0,
      46.8
    ],
    [
      1400.0,
      59.4
    ],
    [
      1600.0,
      70.6
    ],
    [
      1700.0,
      75.6
    ],
    [
      1900.0,
      84.5
    ],
    [
      2000.0,
      88.4
    ],
    [
      2100.0,
      92.0
    ],
    [
      2200.0,
      95.1
    ],
    [
      2300.0,
      97.9
    ],
    [
      2400.0,
      100.3
    ],
    [
      2500.0,
      102.4
    ],
    [
      2600.0,
      104.0
    ],
    [
      2700.0,
      105.3
    ],
    [
      2800.0,
      106.3
    ],
    [
      2900.0,
      106.8
    ],
    [
      3000.0,
      107.0
    ],
    [
      3055.0,
      107.0
    ],
    [
      3100.0,
      107.0
    ],
    [
      3400.0,
      106.7
    ],
    [
      3600.0,
      106.3
    ],
    [
      3900.0,
      105.4
    ],
    [
      4100.0,
      104.6
    ],
    [
      4400.0,
      103.1
    ],
    [
      4700.0,
      101.3
    ],
    [
      4800.0,
      100.6
    ],
    [
      4900.0,
      99.8
    ],
    [
      5000.0,
      99.1
    ],
    [
      5100.0,
      98.2
    ],
    [
      5200.0,
      97.4
    ],
    [
      5400.0,
      95.6
    ],
    [
      5600.0,
      93.6
    ],
    [
      5900.0,
      90.3
    ],
    [
      6000.0,
      89.1
    ],
    [
      6100.0,
      87.3
    ],
    [
      6200.0,
      84.9
    ],
    [
      6300.0,
      81.8
    ],
    [
      6400.0,
      78.2
    ],
    [
      6500.0,
      74.0
    ]
  ],
  "powerCurve": [
    [
      0.0,
      0.0
    ],
    [
      1000.0,
      4.5923482299410283
    ],
    [
      1105.0,
      6.2233006912778928
    ],
    [
      1300.0,
      9.6944892450406446
    ],
    [
      1560.0,
      14.976616605445845
    ],
    [
      2500.0,
      35.952328650302846
    ],
    [
      2800.0,
      41.800199607328665
    ],
    [
      3000.0,
      45.0808495966688
    ],
    [
      3600.0,
      53.743113780851147
    ],
    [
      4100.0,
      60.228576816284679
    ],
    [
      4400.0,
      63.708649878606963
    ],
    [
      4700.0,
      66.864309350373773
    ],
    [
      4800.0,
      67.815079916633735
    ],
    [
      5000.0,
      69.587417368066639
    ],
    [
      5100.0,
      70.334551697830747
    ],
    [
      5200.0,
      71.129435214083543
    ],
    [
      5400.0,
      72.500117743876316
    ],
    [
      5600.0,
      73.612392911495064
    ],
    [
      5785.0,
      74.3909188204059
    ],
    [
      5900.0,
      74.8215708399291
    ],
    [
      6000.0,
      75.078573814265241
    ],
    [
      6045.0,
      74.954011634982464
    ],
    [
      6100.0,
      74.787865531819435
    ],
    [
      6200.0,
      73.924167011509425
    ],
    [
      6300.0,
      72.373722838465113
    ],
    [
      6400.0,
      70.28680251134206
    ],
    [
      6500.0,
      67.551055003108075
    ]
  ],
  "country": "Great Britain",
  "author": "MacedoSTI",
  "version": "1.0",
  "url": "http://patreon.com/macedosti",
  "year": 1965
}