{
  "carPaint": {
    "color": "#FFB10B1E",
    "flakes": 0.0,
    "enabled": true
  },
  "carPaint2": {
    "enabled": true,
    "colors": [
      "#B10B1E"
    ]
  },
  "carPaint3": {
    "enabled": true,
    "colors": [
      "#040507"
    ]
  },
  "carPaint4": {
    "enabled": true,
    "colors": [
      "#C4C4C4"
    ]
  },
  "carPaint5": {
    "enabled": true,
    "colors": [
      "#191919"
    ]
  },
  "carPaint6": {
    "enabled": true,
    "colors": [
      "#3D3D3D"
    ]
  },
  "carPaint7": {
    "enabled": true,
    "colors": [
      "#262626"
    ]
  },
  "licensePlate": {
    "style": "Europe"
  }
}